,Player,Club,POS,GP,GS,MINS,SHTS,SV,GA,GAA,PKG/A,W,L,T,ShO,W%,Sv%,Year,Season,Base Salary,Base Guaranteed Comp.
0,Jimmy Nielsen,KC ,GK,34,34,3060,102,77,27,0.79,3/4,18,7,9,15,52.9,75.5,2012,reg,200000,220000
1,Donovan Ricketts,MTL,GK,33,33,2913,143,87,52,1.58,8/8,12,14,5,5,36.4,60.8,2012,reg,250000,275000
2,Andy Gruenebaum,CLB,GK,33,33,2920,166,124,41,1.24,3/4,13,12,7,8,39.4,74.7,2012,reg,77000,78666.67
3,Tally Hall,HOU,GK,33,33,2946,129,88,39,1.18,5/5,14,8,11,12,42.4,68.2,2012,reg,120000,129375
4,Jon Busch,SJ ,GK,32,32,2835,123,77,40,1.25,4/5,17,5,9,7,53.1,62.6,2012,reg,155004,166337.33
5,Matt Pickens,COL,GK,32,32,2859,155,107,49,1.53,1/2,9,19,4,7,28.1,69.0,2012,reg,178538,181038
6,Dan Kennedy,CHV,GK,32,32,2880,167,109,54,1.69,2/2,7,17,8,7,21.9,65.3,2012,reg,175000,175000
7,Zac MacMath,RSL,GK,32,32,2880,139,93,43,1.34,3/4,10,17,5,8,31.3,66.9,2012,reg,90000,135000
8,Sean Johnson,NYC,GK,31,31,2766,143,108,38,1.23,2/3,16,10,5,5,51.6,75.5,2012,reg,90000,123000
9,Troy Perkins,MTL,GK,31,31,2767,148,101,43,1.39,4/4,8,14,8,7,25.8,68.2,2012,reg,190000,201833.33
10,Nick Rimando,RSL,GK,31,31,2790,116,83,33,1.06,2/4,16,11,4,12,51.6,71.6,2012,reg,170000,178250
11,Kevin Hartman,DAL,GK,30,30,2700,148,98,42,1.4,2/5,9,11,10,6,30.0,66.2,2012,reg,165000,185000
12,Matt Reis,NE ,GK,27,27,2430,133,92,39,1.44,3/3,6,14,7,6,22.2,69.2,2012,reg,157000,159666.67
13,Josh Saunders,LA ,GK,27,27,2430,118,80,36,1.33,0/1,16,7,4,9,59.3,67.8,2012,reg,74545,77678.75
14,Milos Kocic,TOR,GK,27,27,2430,129,82,47,1.74,0/1,5,16,6,3,18.5,63.6,2012,reg,44100,44100
15,Joe Cannon,VAN,GK,26,26,2277,109,73,34,1.31,2/2,8,10,7,8,30.8,67.0,2012,reg,166250,175666.67
16,Bill Hamid,DC,GK,24,24,2087,113,88,24,1.0,1/1,13,6,4,8,54.2,77.9,2012,reg,70000,84750
17,Michael Gspurning,SEA,GK,21,21,1845,77,59,15,0.71,2/2,12,4,5,8,57.1,76.6,2012,reg,200000,275000
18,Ryan Meara,RBNY,GK,18,18,1620,90,59,27,1.5,1/1,9,5,4,3,50.0,65.6,2012,reg,33750,33750
19,Bill Gaudette,LA ,GK,15,15,1350,62,38,20,1.33,1/1,5,5,5,3,33.3,61.3,2012,reg,60000,63255
20,Bryan Meredith,VAN,GK,12,10,990,36,20,14,1.4,0/0,3,3,5,3,25.0,55.6,2012,reg,33750,33750
21,Joe Willis,NSH,GK,11,10,972,50,31,19,1.9,2/2,4,4,3,2,36.4,62.0,2012,reg,44100,44100
22,Brad Knighton,NE,GK,10,8,782,36,27,7,0.88,0/1,3,3,3,3,30.0,75.0,2012,reg,55000,55000
25,Joe Bendik,PHI,GK,5,3,326,21,11,8,2.67,2/2,0,2,3,0,0.0,52.4,2012,reg,44000,44000
26,Brian Perk,LA ,GK,4,4,360,13,7,7,1.75,2/2,0,3,1,0,0.0,53.8,2012,reg,76000,110100
27,Chris Seitz,DC,GK,4,4,360,15,10,5,1.25,0/1,0,2,2,0,0.0,66.7,2012,reg,75000,75000
28,Luis Robles,MIA,GK,4,4,360,12,9,3,0.75,0/0,2,1,1,2,50.0,75.0,2012,reg,44000.04,46500.04
29,Matt Lampson,CLB,GK,3,1,140,10,7,3,3.0,1/1,2,0,0,0,66.7,70.0,2012,reg,44000,44000
30,Steward Ceus,COL,GK,3,2,201,5,4,1,0.5,0/0,2,0,0,2,66.7,80.0,2012,reg,44100,44100
31,Andrew Weber,SEA,GK,3,3,225,9,5,4,1.33,0/0,0,1,1,0,0.0,55.6,2012,reg,51996,58445.93
32,David Bingham,LA,GK,3,2,225,12,8,3,1.5,0/0,2,1,0,0,66.7,66.7,2012,reg,71000,115375
33,Paolo Tornaghi,CHI,GK,3,3,270,17,14,3,1.0,0/0,1,1,1,1,33.3,82.4,2012,reg,33750,33750
34,Kyle Reynish,RSL,GK,3,3,270,8,6,2,0.67,0/0,1,0,2,2,33.3,75.0,2012,reg,66000,74304
35,Tim Melia,SKC,GK,2,2,180,13,9,4,2.0,0/0,0,1,1,0,0.0,69.2,2012,reg,44000,44000
36,Greg Sutton,MTL,GK,1,0,24,1,0,1,1.0,0/0,0,1,0,0,0.0,0.0,2012,reg,65000,65000
37,Chris Konopka,PHI,GK,1,1,90,7,6,1,1.0,0/0,0,1,0,0,0.0,85.7,2012,reg,44000,44000
38,Tyler Deric,HOU,GK,1,1,90,9,7,2,2.0,0/0,0,1,0,0,0.0,77.8,2012,reg,44100,44100
39,Chase Harrison,PHI,GK,1,1,90,3,2,1,1.0,0/0,0,0,1,0,0.0,66.7,2012,reg,44000.04,44000.04
40,Evan Bush,MTL,GK,1,1,90,7,4,3,3.0,0/0,0,1,0,0,0.0,57.1,2012,reg,44000,44000
42,Jeremy Vuolo,NY ,GK,0,0,0,0,0,0,0.0,0/0,0,0,0,0,0.0,0.0,2012,reg,44000,44000
43,Erich Marscheider,HOU,GK,0,0,0,0,0,0,0.0,0/0,0,0,0,0,0.0,0.0,2012,reg,33750,33750
44,Quillan Roberts,TOR,GK,0,0,0,0,0,0,0.0,0/0,0,0,0,0,0.0,0.0,2012,reg,33750,33750
46,Patrick McLain,CHV,GK,0,0,0,0,0,0,0.0,0/0,0,0,0,0,0.0,0.0,2012,reg,33750,33750
47,Scott Angevine,KC ,GK,0,0,0,0,0,0,0.0,0/0,0,0,0,0,0.0,0.0,2012,reg,33756,33756
48,Tim Murray,NE ,GK,0,0,0,0,0,0,0.0,0/0,0,0,0,0,0.0,0.0,2012,reg,44100,44100
50,Evan Newton,SJ ,GK,0,0,0,0,0,0,0.0,0/0,0,0,0,0,0.0,0.0,2012,reg,33756,33756
51,Josh Ford,SEA,GK,0,0,0,0,0,0,0.0,0/0,0,0,0,0,0.0,0.0,2012,reg,44000,44000
52,Brian Sylvestre,VAN,GK,0,0,0,0,0,0,0.0,0/0,0,0,0,0,0.0,0.0,2012,reg,33750,33750
53,Jake Gleeson,POR,GK,0,0,0,0,0,0,0.0,0/0,0,0,0,0,0.0,0.0,2012,reg,62500,66125.78
54,Richard Sanchez,SKC,GK,0,0,0,0,0,0,0.0,0/0,0,0,0,0,0.0,0.0,2012,reg,44000,45000
55,Ian Joyce,COL,GK,0,0,0,0,0,0,0.0,0/0,0,0,0,0,0.0,0.0,2012,reg,44004,44004
56,Stefan Frei,SEA,GK,0,0,0,0,0,0,0.0,0/0,0,0,0,0,0.0,0.0,2012,reg,120000,175000
57,Andrew Dykstra,DC ,GK,0,0,0,0,0,0,0.0,0/0,0,0,0,0,0.0,0.0,2012,reg,44004,44004
58,Marcus Hahnemann,SEA,GK,0,0,0,0,0,0,0.0,0/0,0,0,0,0,0.0,0.0,2012,reg,60000,60000
59,William Hesmer,CLB,GK,0,0,0,0,0,0,0.0,0/0,0,0,0,0,0.0,0.0,2012,reg,170000,181000
60,Jay Nolly,CHI,GK,0,0,0,0,0,0,0.0,0/0,0,0,0,0,0.0,0.0,2012,reg,78250,78250
61,Eric Kronberg,KC ,GK,0,0,0,0,0,0,0.0,0/0,0,0,0,0,0.0,0.0,2012,reg,69850,69850
62,Jimmy Nielsen,KC ,GK,34,34,3060,100,68,30,0.88,1/1,17,10,7,13,50.0,68.0,2013,reg,200000,220000
63,Luis Robles,MIA,GK,34,34,3060,147,103,41,1.21,7/10,17,9,8,11,50.0,70.1,2013,reg,75000,77500
64,Tally Hall,HOU,GK,34,34,3060,141,95,41,1.21,2/4,14,11,9,9,41.2,67.4,2013,reg,185000,198500
65,Zac MacMath,RSL,GK,34,34,3060,147,101,44,1.29,1/1,12,12,10,12,35.3,68.7,2013,reg,110000,155000
66,Joe Bendik,PHI,GK,33,33,2970,139,90,46,1.39,2/2,6,16,11,4,18.2,64.7,2013,reg,46500,46500
67,Troy Perkins,MTL,GK,33,33,2970,158,109,48,1.45,4/6,14,12,7,8,42.4,69.0,2013,reg,225000,246833.33
68,Jon Busch,SJ ,GK,33,33,2970,142,101,41,1.24,3/3,13,11,9,9,39.4,71.1,2013,reg,165000,176333.33
69,Clint Irwin,COL,GK,32,31,2873,132,91,35,1.13,6/8,14,9,9,10,43.8,68.9,2013,reg,35125,35125
70,Donovan Ricketts,POR,GK,32,32,2880,126,92,31,0.97,4/5,13,5,14,14,40.6,73.0,2013,reg,275000,300000
71,Dan Kennedy,CHV,GK,31,31,2754,166,104,54,1.74,3/4,6,17,8,3,19.4,62.7,2013,reg,192500,194166.67
72,Michael Gspurning,SEA,GK,28,28,2475,114,76,35,1.25,2/2,12,9,6,10,42.9,66.7,2013,reg,210000,285000
73,Sean Johnson,NYC,GK,28,28,2520,132,93,39,1.39,3/4,12,10,6,6,42.9,70.5,2013,reg,120000,153000
74,Nick Rimando,RSL,GK,27,27,2430,112,82,28,1.04,1/3,14,7,6,9,51.9,73.2,2013,reg,200000,210833.33
75,Raul Fernandez,DAL,GK,26,26,2340,129,88,41,1.58,2/3,7,10,9,7,26.9,68.2,2013,reg,150000,237500
76,Bill Hamid,DC,GK,25,25,2250,119,80,39,1.56,4/6,2,17,6,4,8.0,67.2,2013,reg,75000,89750
78,Carlo Cudicini,LA ,GK,21,21,1890,68,39,27,1.29,0/1,9,8,4,7,42.9,57.4,2013,reg,150000,150000
79,Andy Gruenebaum,CLB,GK,21,21,1890,100,71,28,1.33,2/2,5,11,5,4,23.8,71.0,2013,reg,92220,93886.67
80,David Ousted,VAN,GK,13,13,1170,54,37,16,1.23,1/1,4,5,4,4,30.8,68.5,2013,reg,150000,166156.25
81,Matt Lampson,CLB,GK,13,13,1170,63,43,18,1.38,3/3,7,6,0,5,53.8,68.3,2013,reg,46500,46500
82,Matt Reis,NE ,GK,12,12,995,37,29,8,0.67,0/0,7,0,4,5,58.3,78.4,2013,reg,165000,167666.67
83,Brad Knighton,NE,GK,11,11,990,50,35,15,1.36,2/2,6,3,2,2,54.5,70.0,2013,reg,66000,68600
84,Joe Cannon,VAN,GK,10,10,900,42,31,14,1.4,0/0,3,4,3,1,30.0,73.8,2013,reg,180500,189916.67
85,Jaime Penedo,LA ,GK,9,9,810,31,24,7,0.78,0/0,4,1,4,4,44.4,77.4,2013,reg,78000,81562.5
86,Joe Willis,NSH,GK,9,9,810,47,28,20,2.22,1/1,1,7,1,1,11.1,59.6,2013,reg,46500,46500
87,Chris Seitz,DC,GK,8,8,720,36,24,11,1.38,0/0,4,2,2,2,50.0,66.7,2013,reg,90000,90000
88,Paolo Tornaghi,CHI,GK,6,6,540,24,12,13,2.17,0/0,2,3,1,0,33.3,50.0,2013,reg,46500,46500
89,Jeff Attinella,POR,GK,5,4,399,24,14,9,2.25,3/3,1,2,1,1,20.0,58.3,2013,reg,46500,46500
91,Marcus Hahnemann,SEA,GK,4,4,360,10,6,4,1.0,0/0,2,2,0,1,50.0,60.0,2013,reg,60000,60000
93,Josh Saunders,RSL,GK,3,3,231,18,13,4,1.33,0/0,1,1,1,0,33.3,72.2,2013,reg,90000,95250
94,Matt Pickens,COL,GK,2,2,97,4,2,2,1.0,0/0,0,1,0,0,0.0,50.0,2013,reg,190000,212933.33
95,Patrick McLain,CHV,GK,2,1,124,10,4,6,6.0,1/1,0,1,0,0,0.0,40.0,2013,reg,46500,46500
96,Tim Melia,SKC,GK,2,2,180,15,8,7,3.5,1/1,0,2,0,0,0.0,53.3,2013,reg,60000,65000
97,Milos Kocic,POR,GK,2,2,180,10,7,2,1.0,0/0,1,0,1,1,50.0,70.0,2013,reg,49612,49612
98,Stefan Frei,SEA,GK,1,1,90,3,2,1,1.0,1/1,0,1,0,0,0.0,66.7,2013,reg,145000,200000
99,Steward Ceus,COL,GK,1,1,90,6,5,1,1.0,0/0,0,1,0,0,0.0,83.3,2013,reg,60000,70333.33
100,David Bingham,LA,GK,1,1,90,8,7,1,1.0,0/0,1,0,0,0,100.0,87.5,2013,reg,78100,122475
101,Evan Bush,MTL,GK,1,1,90,7,6,1,1.0,0/0,0,1,0,0,0.0,85.7,2013,reg,46500,46500
102,Ryan Meara,RBNY,GK,0,0,0,0,0,0,0.0,0/0,0,0,0,0,0.0,0.0,2013,reg,65000,66250
104,Luis Soffner,NE ,GK,0,0,0,0,0,0,0.0,0/0,0,0,0,0,0.0,0.0,2013,reg,35125,35125
105,Kyle Zobeck,DAL,GK,0,0,0,0,0,0,0.0,0/0,0,0,0,0,0.0,0.0,2013,reg,35125,35125
106,Daniel Withrow,CLB,GK,0,0,0,0,0,0,0.0,0/0,0,0,0,0,0.0,0.0,2013,reg,35125,35125
107,Maxime Crepeau,VAN,GK,0,0,0,0,0,0,0.0,0/0,0,0,0,0,0.0,0.0,2013,reg,35125,35125
108,Alec Kann,ATL,GK,0,0,0,0,0,0,0.0,0/0,0,0,0,0,0.0,0.0,2013,reg,35125,35125
109,Jesse Gonzalez,DAL,GK,0,0,0,0,0,0,0.0,0/0,0,0,0,0,0.0,0.0,2013,reg,35125,35125
110,Evan Newton,SJ ,GK,0,0,0,0,0,0,0.0,0/0,0,0,0,0,0.0,0.0,2013,reg,46500,46500
111,Jake Gleeson,POR,GK,0,0,0,0,0,0,0.0,0/0,0,0,0,0,0.0,0.0,2013,reg,60000,63263.75
112,Richard Sanchez,SKC,GK,0,0,0,0,0,0,0.0,0/0,0,0,0,0,0.0,0.0,2013,reg,46500,63500
114,Tyler Deric,HOU,GK,0,0,0,0,0,0,0.0,0/0,0,0,0,0,0.0,0.0,2013,reg,80000,87666.67
115,Erich Marscheider,HOU,GK,0,0,0,0,0,0,0.0,0/0,0,0,0,0,0.0,0.0,2013,reg,46500,46500
116,Quillan Roberts,TOR,GK,0,0,0,0,0,0,0.0,0/0,0,0,0,0,0.0,0.0,2013,reg,46500,46500
118,Josh Ford,SEA,GK,0,0,0,0,0,0,0.0,0/0,0,0,0,0,0.0,0.0,2013,reg,46500,46500
119,Simon Thomas,CAN,GK,0,0,0,0,0,0,0.0,0/0,0,0,0,0,0.0,0.0,2013,reg,35125,35125
120,Andrew Dykstra,DC ,GK,0,0,0,0,0,0,0.0,0/0,0,0,0,0,0.0,0.0,2013,reg,46500,46500
121,Brian Perk,LA ,GK,0,0,0,0,0,0,0.0,0/0,0,0,0,0,0.0,0.0,2013,reg,55000,58125
122,Eric Kronberg,KC ,GK,0,0,0,0,0,0,0.0,0/0,0,0,0,0,0.0,0.0,2013,reg,76835,76835
123,Chris Konopka,PHI,GK,0,0,0,0,0,0,0.0,0/0,0,0,0,0,0.0,0.0,2013,reg,46500,46500
124,Kevin Hartman,NY ,GK,0,0,0,0,0,0,0.0,0/0,0,0,0,0,0.0,0.0,2013,reg,46500,54000
125,Oka Nikolov,PHI,GK,0,0,0,0,0,0,0.0,0/0,0,0,0,0,0.0,0.0,2013,reg,46500,46500
126,Jon Busch,SJ ,GK,34,34,3060,191,137,50,1.47,8/10,6,16,12,6,17.6,71.7,2014,reg,173250,184583.33
127,Luis Robles,MIA,GK,34,34,3060,171,111,50,1.47,8/10,13,10,11,6,38.2,64.9,2014,reg,100000,125000
128,David Ousted,VAN,GK,34,34,3060,140,96,40,1.18,5/5,12,8,14,13,35.3,68.6,2014,reg,250000,266156.25
129,Stefan Frei,SEA,GK,34,34,3060,149,99,50,1.47,6/7,20,10,4,9,58.8,66.4,2014,reg,150000,150000
131,Dan Kennedy,CHV,GK,33,33,2957,155,93,57,1.73,3/4,9,18,6,6,27.3,60.0,2014,reg,211750,213416.67
132,Sean Johnson,NYC,GK,33,33,2970,149,96,49,1.48,6/8,6,9,18,6,18.2,64.4,2014,reg,250000,253000
133,Donovan Ricketts,POR,GK,32,32,2861,151,105,44,1.38,7/7,12,7,12,7,37.5,69.5,2014,reg,260000,260000
135,Bill Hamid,DC,GK,30,30,2700,146,110,34,1.13,5/5,14,9,7,10,46.7,75.3,2014,reg,100000,114750
136,Zac MacMath,RSL,GK,29,29,2610,125,77,45,1.55,4/7,9,10,10,5,31.0,61.6,2014,reg,120000,120000
137,Jaime Penedo,LA ,GK,29,29,2610,115,81,33,1.14,3/3,15,7,7,8,51.7,70.4,2014,reg,135000,138562.5
138,Joe Bendik,PHI,GK,27,27,2430,125,82,45,1.67,4/5,8,11,8,4,29.6,65.6,2014,reg,140000,147375
139,Clint Irwin,COL,GK,26,25,2336,125,73,49,1.96,6/7,7,15,4,7,26.9,58.4,2014,reg,75000,87000
140,Tally Hall,HOU,GK,24,24,2150,115,67,44,1.83,7/8,8,12,4,7,33.3,58.3,2014,reg,200000,213500
141,Nick Rimando,RSL,GK,24,24,2160,97,71,25,1.04,1/5,13,4,7,7,54.2,73.2,2014,reg,225000,235833.33
142,Raul Fernandez,DAL,GK,21,20,1818,95,66,25,1.25,3/4,9,8,3,4,42.9,69.5,2014,reg,160000,247500
143,Troy Perkins,MTL,GK,21,21,1890,102,66,35,1.67,4/5,4,12,5,5,19.0,64.7,2014,reg,250000,271833.33
144,Eric Kronberg,KC ,GK,20,20,1800,73,45,22,1.1,5/5,7,8,5,7,35.0,61.6,2014,reg,120000,120000
145,Chris Seitz,DC,GK,14,14,1242,67,44,20,1.43,0/1,7,4,3,2,50.0,65.7,2014,reg,105000,105000
146,Evan Bush,MTL,GK,13,13,1170,79,52,23,1.77,2/2,2,6,5,3,15.4,65.8,2014,reg,48825,48825
147,Tyler Deric,HOU,GK,11,10,910,53,36,14,1.4,2/3,3,5,2,3,27.3,67.9,2014,reg,90000,97666.67
148,Andy Gruenebaum,KC ,GK,11,11,945,45,34,12,1.09,1/1,6,3,2,3,54.5,75.6,2014,reg,85000,85000
149,Jeff Attinella,POR,GK,10,10,900,60,45,14,1.4,3/5,2,4,4,3,20.0,75.0,2014,reg,48825,48825
151,John Berner,COL,GK,5,5,450,12,6,6,1.2,0/0,1,1,3,2,20.0,50.0,2014,reg,36500,36500
152,Joe Nasco,COL,GK,4,4,271,19,13,7,1.75,0/0,0,2,1,0,0.0,68.4,2014,reg,50000,52693.83
155,Andrew Dykstra,DC ,GK,4,4,360,9,6,3,0.75,0/1,3,0,1,2,75.0,66.7,2014,reg,48825,48825
156,Andrew Weber,POR,GK,3,2,198,16,8,8,4.0,2/3,0,2,1,0,0.0,50.0,2014,reg,48500.04,48500.04
158,Tim Melia,SKC,GK,2,1,79,4,1,3,3.0,0/0,0,1,0,0,0.0,25.0,2014,reg,70000,75000
159,Brian Perk,LA ,GK,2,2,180,3,2,1,0.5,0/0,1,0,1,1,50.0,66.7,2014,reg,60000,63125
160,Brad Knighton,NE,GK,2,2,180,12,6,6,3.0,1/1,1,1,0,0,50.0,50.0,2014,reg,78100,80700
161,Trevor Spangenberg,CHV,GK,1,0,22,2,1,1,1.0,1/1,0,0,0,0,0.0,50.0,2014,reg,36504,36504
162,Andre Blake,PHI,GK,1,1,90,8,7,2,2.0,0/0,0,1,0,0,0.0,87.5,2014,reg,75000,113000
163,Kyle Reynish,CHI,GK,1,1,90,4,2,2,2.0,0/0,0,1,0,0,0.0,50.0,2014,reg,74000,78316.67
164,Chris Konopka,TOR,GK,0,0,0,0,0,0,0.0,0/0,0,0,0,0,0.0,0.0,2014,reg,60000,60000
165,Marcus Hahnemann,SEA,GK,0,0,0,0,0,0,0.0,0/0,0,0,0,0,0.0,0.0,2014,reg,65000,65000
167,Paolo Tornaghi,VAN,GK,0,0,0,0,0,0,0.0,0/0,0,0,0,0,0.0,0.0,2014,reg,72000,72000
168,David Bingham,LA,GK,0,0,0,0,0,0,0.0,0/0,0,0,0,0,0.0,0.0,2014,reg,85910,130285
169,Jake Gleeson,POR,GK,0,0,0,0,0,0,0.0,0/0,0,0,0,0,0.0,0.0,2014,reg,66000,69493.44
171,Joe Willis,NSH,GK,0,0,0,0,0,0,0.0,0/0,0,0,0,0,0.0,0.0,2014,reg,48825,48825
172,Josh Ford,SEA,GK,0,0,0,0,0,0,0.0,0/0,0,0,0,0,0.0,0.0,2014,reg,48500,50239.94
173,Marco Carducci,VAN,GK,0,0,0,0,0,0,0.0,0/0,0,0,0,0,0.0,0.0,2014,reg,36504,36504
174,Billy Knutsen,SJ ,GK,0,0,0,0,0,0,0.0,0/0,0,0,0,0,0.0,0.0,2014,reg,36504,36504
175,Larry Jackson,NE ,GK,0,0,0,0,0,0,0.0,0/0,0,0,0,0,0.0,0.0,2014,reg,36504,36504
176,Matt Lampson,CLB,GK,0,0,0,0,0,0,0.0,0/0,0,0,0,0,0.0,0.0,2014,reg,48825,48825
177,Ryan Meara,RBNY,GK,0,0,0,0,0,0,0.0,0/0,0,0,0,0,0.0,0.0,2014,reg,68250,69500
178,Bryan Meredith,VAN,GK,0,0,0,0,0,0,0.0,0/0,0,0,0,0,0.0,0.0,2014,reg,48500,48500
179,Quillan Roberts,TOR,GK,0,0,0,0,0,0,0.0,0/0,0,0,0,0,0.0,0.0,2014,reg,36504,36504
182,Michael Lisch,HOU,GK,0,0,0,0,0,0,0.0,0/0,0,0,0,0,0.0,0.0,2014,reg,36504,36504
184,Brad Stuver,NYC,GK,0,0,0,0,0,0,0.0,0/0,0,0,0,0,0.0,0.0,2014,reg,48500,48500
185,Luis Soffner,NE ,GK,0,0,0,0,0,0,0.0,0/0,0,0,0,0,0.0,0.0,2014,reg,36500,36500
186,Maxime Crepeau,VAN,GK,0,0,0,0,0,0,0.0,0/0,0,0,0,0,0.0,0.0,2014,reg,48500,48500
187,Alec Kann,ATL,GK,0,0,0,0,0,0,0.0,0/0,0,0,0,0,0.0,0.0,2014,reg,48500,48500
188,Jesse Gonzalez,DAL,GK,0,0,0,0,0,0,0.0,0/0,0,0,0,0,0.0,0.0,2014,reg,48500,48500
189,Luis Robles,MIA,GK,34,34,3060,131,86,43,1.26,2/3,18,10,6,9,52.9,65.6,2015,reg,130000,151375
190,David Ousted,VAN,GK,34,34,3060,137,99,36,1.06,2/6,16,13,5,13,47.1,72.3,2015,reg,286000,302570
191,David Bingham,LA,GK,34,34,3060,147,105,39,1.15,4/6,13,13,8,12,38.2,71.4,2015,reg,130000,137750
192,Steve Clark,POR,GK,34,34,3060,168,114,53,1.56,4/4,15,11,8,6,44.1,67.9,2015,reg,170000,188333.33
193,Adam Kwarasey,POR,GK,33,33,2970,120,80,36,1.09,4/4,15,10,8,13,45.5,66.7,2015,reg,260000,260000
194,Josh Saunders,NYC,GK,33,33,2970,188,123,57,1.73,6/7,10,16,7,4,30.3,65.4,2015,reg,90000,90000
195,Stefan Frei,SEA,GK,31,31,2744,144,111,33,1.06,2/3,14,10,6,10,45.2,77.1,2015,reg,165000,165000
197,Tyler Deric,HOU,GK,31,31,2790,139,89,44,1.42,5/5,10,13,8,7,32.3,64.0,2015,reg,105000,112666.67
198,Evan Bush,MTL,GK,31,31,2790,142,99,39,1.26,6/7,15,12,4,9,48.4,69.7,2015,reg,100000,100000
199,Clint Irwin,COL,GK,31,31,2790,125,88,38,1.23,3/3,8,13,10,8,25.8,70.4,2015,reg,85000,97000
200,Bill Hamid,DC,GK,25,25,2250,133,101,29,1.16,0/1,11,9,5,8,44.0,75.9,2015,reg,360000,405500
201,Nick Rimando,RSL,GK,24,24,2160,93,66,24,1.0,5/8,8,9,7,8,33.3,71.0,2015,reg,350000,370000
202,Tally Hall,ORL,GK,23,23,2064,114,73,41,1.78,4/5,10,8,5,5,43.5,64.0,2015,reg,215000,228500
203,Tim Melia,SKC,GK,23,23,2070,113,82,28,1.22,2/2,11,8,4,8,47.8,72.6,2015,reg,80000,84203.33
204,Sean Johnson,NYC,GK,21,21,1890,90,59,32,1.52,3/3,5,11,5,4,23.8,65.6,2015,reg,250000,253000
205,Donovan Ricketts,LA ,GK,21,21,1890,92,58,32,1.52,4/4,7,9,5,3,33.3,63.0,2015,reg,260000,260000
206,Chris Konopka,TOR,GK,21,21,1890,92,62,31,1.48,4/6,11,7,3,4,52.4,67.4,2015,reg,66000,66000
207,Dan Kennedy,DAL,GK,16,16,1440,48,30,19,1.19,3/4,7,5,4,5,43.8,62.5,2015,reg,233000,233000
209,Joe Bendik,PHI,GK,13,13,1170,72,45,27,2.08,2/2,4,8,1,1,30.8,62.5,2015,reg,150000,157375
210,Jon Busch,CHI,GK,12,12,1080,57,35,24,2.0,0/0,3,8,1,1,25.0,61.4,2015,reg,85000,90000
211,Brian Sylvestre,PHI,GK,12,12,1080,50,30,19,1.58,1/2,5,6,1,5,41.7,60.0,2015,reg,60000,60000
212,John McCarthy,MIA,GK,11,11,990,41,22,18,1.64,2/2,3,5,3,2,27.3,53.7,2015,reg,60000,66250
213,Jesse Gonzalez,DAL,GK,11,11,990,47,37,10,0.91,2/4,7,3,1,5,63.6,78.7,2015,reg,60000,69375
214,Jeff Attinella,POR,GK,10,10,900,64,40,24,2.4,2/2,3,6,1,1,30.0,62.5,2015,reg,60000,65083.33
215,Andrew Dykstra,DC ,GK,9,9,778,57,40,16,1.78,0/1,3,4,1,0,33.3,70.2,2015,reg,60000,60000
217,Chris Seitz,DC,GK,7,7,630,27,17,10,1.43,0/1,4,2,1,3,57.1,63.0,2015,reg,130000,130000
219,Andre Blake,PHI,GK,6,6,540,34,26,9,1.5,1/1,2,3,1,2,33.3,76.5,2015,reg,85000,123000
221,Troy Perkins,SEA,GK,4,3,316,15,12,3,1.0,0/0,1,3,0,0,25.0,80.0,2015,reg,130000,136662.5
222,Eric Kronberg,MTL,GK,3,3,270,11,6,5,1.67,0/0,0,1,2,0,0.0,54.5,2015,reg,132000,132000
223,Brad Knighton,NE,GK,3,3,270,16,9,6,2.0,2/2,1,1,1,1,33.3,56.3,2015,reg,82005,82005
224,Joe Willis,NSH,GK,3,3,270,10,5,5,1.67,0/0,1,1,1,0,33.3,50.0,2015,reg,90000,90000
226,Zac MacMath,RSL,GK,3,3,270,12,6,5,1.67,0/0,1,2,0,1,33.3,50.0,2015,reg,130000,130000
227,Josh Ford,ORL,GK,2,1,96,6,5,1,1.0,1/1,0,1,0,0,0.0,83.3,2015,reg,60000,60000
228,Travis Worra,DC ,GK,1,0,32,1,1,0,0.0,0/0,1,0,0,0,100.0,100.0,2015,reg,50000,50000
229,Alec Kann,ATL,GK,1,1,90,8,6,2,2.0,1/1,0,1,0,0,0.0,75.0,2015,reg,60000,60000
230,Ryan Meara,RBNY,GK,1,1,90,7,6,1,1.0,0/0,0,1,0,0,0.0,85.7,2015,reg,71663,72913
231,Andrew Weber,POR,GK,1,1,90,7,4,3,3.0,0/0,0,1,0,0,0.0,57.1,2015,reg,60000,60000
232,Kyle Reynish,NYR,GK,0,0,0,0,0,0,0.0,0/0,0,0,0,0,0.0,0.0,2015,reg,86000,90316.67
234,Jake Gleeson,POR,GK,0,0,0,0,0,0,0.0,0/0,0,0,0,0,0.0,0.0,2015,reg,72600,72600
235,Brian Perk,LA ,GK,0,0,0,0,0,0,0.0,0/0,0,0,0,0,0.0,0.0,2015,reg,60000,60000
236,Paolo Tornaghi,VAN,GK,0,0,0,0,0,0,0.0,0/0,0,0,0,0,0.0,0.0,2015,reg,80000,80000
238,Michael Lisch,HOU,GK,0,0,0,0,0,0,0.0,0/0,0,0,0,0,0.0,0.0,2015,reg,60000,60000
240,Brad Stuver,NYC,GK,0,0,0,0,0,0,0.0,0/0,0,0,0,0,0.0,0.0,2015,reg,60000,60000
241,Maxime Crepeau,VAN,GK,0,0,0,0,0,0,0.0,0/0,0,0,0,0,0.0,0.0,2015,reg,60000,60000
242,Eirik Johansen,NYC,GK,0,0,0,0,0,0,0.0,0/0,0,0,0,0,0.0,0.0,2015,reg,50000.04,50000.04
243,Bryan Meredith,VAN,GK,0,0,0,0,0,0,0.0,0/0,0,0,0,0,0.0,0.0,2015,reg,60000,60000
244,Matt Lampson,CLB,GK,0,0,0,0,0,0,0.0,0/0,0,0,0,0,0.0,0.0,2015,reg,60000,60000
245,Quillan Roberts,TOR,GK,0,0,0,0,0,0,0.0,0/0,0,0,0,0,0.0,0.0,2015,reg,60000,60000
248,Charlie Lyon,SEA,GK,0,0,0,0,0,0,0.0,0/0,0,0,0,0,0.0,0.0,2015,reg,50000,50000
249,Alex Bono,TOR,GK,0,0,0,0,0,0,0.0,0/0,0,0,0,0,0.0,0.0,2015,reg,60000,80200
250,Marco Carducci,VAN,GK,0,0,0,0,0,0,0.0,0/0,0,0,0,0,0.0,0.0,2015,reg,60000,60000
251,John Berner,COL,GK,0,0,0,0,0,0,0.0,0/0,0,0,0,0,0.0,0.0,2015,reg,60000,60000
252,Trevor Spangenberg,NE ,GK,0,0,0,0,0,0,0.0,0/0,0,0,0,0,0.0,0.0,2015,reg,50000,50000
253,Andrew Wolverton,LA ,GK,0,0,0,0,0,0,0.0,0/0,0,0,0,0,0.0,0.0,2015,reg,50000.04,50000.04
254,Tomas Gomez,SJ ,GK,0,0,0,0,0,0,0.0,0/0,0,0,0,0,0.0,0.0,2015,reg,50000,50000
255,David Bingham,LA,GK,34,34,3015,146,106,39,1.15,4/4,8,12,14,8,23.5,72.6,2016,reg,145000,152750
256,Joe Bendik,PHI,GK,34,34,3060,178,114,60,1.76,4/7,9,11,14,5,26.5,64.0,2016,reg,140000,147666.67
257,Luis Robles,MIA,GK,34,34,3060,143,100,44,1.29,3/4,16,9,9,11,47.1,69.9,2016,reg,265000,267500
258,Evan Bush,MTL,GK,33,33,2931,155,101,50,1.52,4/5,11,11,11,6,33.3,65.2,2016,reg,117500,117500
259,David Ousted,VAN,GK,33,33,2970,166,110,52,1.58,6/8,10,15,8,6,30.3,66.3,2016,reg,360000,378933.33
260,Josh Saunders,NYC,GK,33,33,2970,158,98,56,1.7,5/6,14,10,9,8,42.4,62.0,2016,reg,150000,150000
261,Stefan Frei,SEA,GK,33,33,2970,137,91,41,1.24,6/8,14,13,6,8,42.4,66.4,2016,reg,200000,206250
262,Steve Clark,POR,GK,32,32,2880,161,112,51,1.59,4/5,8,12,12,8,25.0,69.6,2016,reg,220000,238333.33
263,Andre Blake,PHI,GK,32,32,2880,150,99,50,1.56,0/1,10,13,9,6,31.3,66.0,2016,reg,100000,138000
265,Nick Rimando,RSL,GK,30,30,2700,137,91,40,1.33,3/5,11,9,10,6,36.7,66.4,2016,reg,400000,420000
266,Jake Gleeson,POR,GK,28,27,2470,160,118,40,1.48,6/6,11,11,6,6,39.3,73.8,2016,reg,91556,96722.67
267,Chris Seitz,DC,GK,28,28,2520,95,63,29,1.04,3/4,14,5,9,10,50.0,66.3,2016,reg,136000,136000
268,Tim Melia,SKC,GK,27,27,2430,95,66,30,1.11,3/4,11,11,5,8,40.7,69.5,2016,reg,150000,152500
269,Joe Willis,NSH,GK,26,24,2275,129,89,39,1.63,5/6,5,12,9,5,19.2,69.0,2016,reg,94500,94500
270,Sean Johnson,NYC,GK,22,22,1980,106,68,37,1.68,1/1,6,10,6,5,27.3,64.2,2016,reg,250000,253000
272,Bill Hamid,DC,GK,20,20,1800,93,68,25,1.25,3/3,8,3,9,5,40.0,73.1,2016,reg,325000,370500
273,Clint Irwin,COL,GK,19,19,1690,76,50,23,1.21,2/2,6,6,6,6,31.6,65.8,2016,reg,95625,107625
274,Tim Howard,COL,GK,17,17,1530,73,54,19,1.12,4/7,6,3,8,7,35.3,74.0,2016,reg,2100000,2575000
275,Zac MacMath,RSL,GK,17,17,1530,57,39,13,0.76,0/1,9,3,5,6,52.9,68.4,2016,reg,140004,140004
276,Alex Bono,TOR,GK,16,15,1370,60,42,16,1.07,1/1,8,3,5,4,50.0,70.0,2016,reg,65000,85200
277,Brad Knighton,NE,GK,13,13,1153,49,31,16,1.23,3/3,6,5,1,2,46.2,63.3,2016,reg,86105.25,86105.25
278,Travis Worra,DC,GK,13,13,1170,52,34,18,1.38,0/0,3,6,4,4,23.1,65.4,2016,reg,53472,53472
279,Matt Lampson,CLB,GK,11,11,990,76,55,18,1.64,1/1,1,6,4,3,9.1,72.4,2016,reg,71250,76625
280,Tyler Deric,HOU,GK,10,10,772,37,31,6,0.6,0/0,2,2,4,4,20.0,83.8,2016,reg,170000,170000
282,Alec Kann,ATL,GK,7,7,630,28,17,11,1.57,0/0,2,2,3,2,28.6,60.7,2016,reg,63000,63000
283,Jesse Gonzalez,DAL,GK,6,6,540,22,12,11,1.83,0/0,3,3,0,2,50.0,54.5,2016,reg,67500,76875
284,Jeff Attinella,POR,GK,4,4,360,13,8,6,1.5,1/1,1,3,0,0,25.0,61.5,2016,reg,90000,95083.33
285,Dan Kennedy,LA,GK,3,2,115,7,4,3,1.5,0/0,0,0,1,0,0.0,57.1,2016,reg,180000,195400
286,Eric Kronberg,MTL,GK,2,1,128,5,2,3,3.0,1/1,0,0,1,0,0.0,40.0,2016,reg,145200,145200
287,Clement Diop,MTL,GK,2,2,180,15,11,3,1.5,1/1,0,1,1,0,0.0,73.3,2016,reg,62500,62500
288,Brad Stuver,NYC,GK,2,2,180,15,8,7,3.5,0/1,0,2,0,0,0.0,53.3,2016,reg,63000,63000
289,Andrew Tarbell,CLB,GK,1,0,45,2,1,1,1.0,1/1,0,0,0,0,0.0,50.0,2016,reg,70000,84000
290,Patrick McLain,CHI,GK,1,1,90,6,3,3,3.0,1/1,0,1,0,0,0.0,50.0,2016,reg,72500,72500
291,John McCarthy,MIA,GK,1,1,90,5,3,3,3.0,0/0,0,1,0,0,0.0,60.0,2016,reg,79000,88250
292,Matt Jones,PHI,GK,1,1,90,5,2,2,2.0,0/0,1,0,0,0,100.0,40.0,2016,reg,75000,80625
293,Tyler Miller,MIN,GK,1,1,90,4,2,2,2.0,0/0,0,1,0,0,0.0,50.0,2016,reg,62508,62508
295,Eirik Johansen,NYC,GK,1,1,90,6,5,1,1.0,0/0,1,0,0,0,100.0,83.3,2016,reg,62500,62500
296,Paolo Tornaghi,VAN,GK,1,1,90,6,6,0,0.0,0/0,0,0,1,1,0.0,100.0,2016,reg,62500,62500
297,Andrew Dykstra,DC ,GK,1,1,90,7,3,4,4.0,1/1,0,1,0,0,0.0,42.9,2016,reg,75000,85700
298,Chris Konopka,POR,GK,0,0,0,0,0,0,0.0,0/0,0,0,0,0,0.0,0.0,2016,reg,62499.96,64999.96
300,Kyle Reynish,NY,GK,0,0,0,0,0,0,0.0,0/0,0,0,0,0,0.0,0.0,2016,reg,62500,62500
301,Bryan Meredith,VAN,GK,0,0,0,0,0,0,0.0,0/0,0,0,0,0,0.0,0.0,2016,reg,63000,63000
302,Ryan Meara,RBNY,GK,0,0,0,0,0,0,0.0,0/0,0,0,0,0,0.0,0.0,2016,reg,75246.15,76496.15
303,Quillan Roberts,TOR,GK,0,0,0,0,0,0,0.0,0/0,0,0,0,0,0.0,0.0,2016,reg,63000,63000
306,Zack Steffen,CLB,GK,0,0,0,0,0,0,0.0,0/0,0,0,0,0,0.0,0.0,2016,reg,100008,100008
307,Charlie Horton,DC ,GK,0,0,0,0,0,0,0.0,0/0,0,0,0,0,0.0,0.0,2016,reg,69999.96,76166.63
308,Ryan Herman,DAL,GK,0,0,0,0,0,0,0.0,0/0,0,0,0,0,0.0,0.0,2016,reg,62508,62508
309,Marco Carducci,VAN,GK,0,0,0,0,0,0,0.0,0/0,0,0,0,0,0.0,0.0,2016,reg,63000,63000
310,John Berner,COL,GK,0,0,0,0,0,0,0.0,0/0,0,0,0,0,0.0,0.0,2016,reg,63000,63000
312,Maxime Crepeau,VAN,GK,0,0,0,0,0,0,0.0,0/0,0,0,0,0,0.0,0.0,2016,reg,52500,52500
314,Matt Pacifici,CLB,GK,0,0,0,0,0,0,0.0,0/0,0,0,0,0,0.0,0.0,2016,reg,51499.92,51499.92
315,Andre Rawls,COL,GK,0,0,0,0,0,0,0.0,0/0,0,0,0,0,0.0,0.0,2016,reg,62508,62508
316,Matt Turner,NE,GK,0,0,0,0,0,0,0.0,0/0,0,0,0,0,0.0,0.0,2016,reg,51500.04,51500.04
317,Charlie Lyon,SEA,GK,0,0,0,0,0,0,0.0,0/0,0,0,0,0,0.0,0.0,2016,reg,52500,52500
318,Calle Brown,HOU,GK,0,0,0,0,0,0,0.0,0/0,0,0,0,0,0.0,0.0,2016,reg,51500,51500
319,Wade Hamilton,POR,GK,0,0,0,0,0,0,0.0,0/0,0,0,0,0,0.0,0.0,2016,reg,51504,51504
320,Mason Stajduhar,ORL,GK,0,0,0,0,0,0,0.0,0/0,0,0,0,0,0.0,0.0,2016,reg,51500,51500
321,Luis Robles,MIA,GK,34,34,3060,149,99,47,1.38,8/9,14,12,8,10,41.2,66.4,2017,reg,430000.08,430000.08
322,Zack Steffen,CLB,GK,34,34,3060,150,98,49,1.44,4/7,16,12,6,9,47.1,65.3,2017,reg,105000,105000
323,Bobby Shuttleworth,CHI,GK,33,32,2838,174,116,60,1.88,6/8,10,16,5,5,30.3,66.7,2017,reg,155000,171875
324,Stefan Frei,SEA,GK,33,33,2970,121,84,36,1.09,5/6,13,9,11,13,39.4,69.4,2017,reg,250000,256250
325,Joe Bendik,PHI,GK,33,33,2970,173,118,52,1.58,4/5,10,14,9,7,30.3,68.2,2017,reg,165000,174083.4
326,Sean Johnson,NYC,GK,32,32,2880,137,96,39,1.22,3/4,15,8,9,7,46.9,70.1,2017,reg,220008,220008
327,Tim Melia,SKC,GK,31,31,2759,116,91,24,0.77,2/5,12,7,11,10,38.7,78.4,2017,reg,165000,167500
328,Evan Bush,MTL,GK,31,31,2790,136,84,50,1.61,3/3,11,14,6,5,35.5,61.8,2017,reg,136750,136750
329,Alex Bono,TOR,GK,29,28,2570,104,72,32,1.14,3/5,19,4,6,10,65.5,69.2,2017,reg,70000,90200
330,Jesse Gonzalez,DAL,GK,29,29,2610,118,75,40,1.38,1/1,8,8,13,9,27.6,63.6,2017,reg,85000.08,109000.08
331,David Ousted,VAN,GK,28,28,2453,132,90,39,1.39,4/4,13,8,6,6,46.4,68.2,2017,reg,360000,378933.33
332,Nick Rimando,RSL,GK,28,28,2488,110,73,33,1.18,1/3,13,10,5,8,46.4,66.4,2017,reg,450000,470000
334,Tyler Deric,HOU,GK,26,26,2340,109,76,31,1.19,2/2,10,6,10,6,38.5,69.7,2017,reg,185000,185000
335,Andre Blake,PHI,GK,26,26,2340,125,88,34,1.31,4/5,9,10,7,9,34.6,70.4,2017,reg,148500,186500
336,Tim Howard,COL,GK,25,25,2250,126,84,39,1.56,5/6,7,14,4,5,28.0,66.7,2017,reg,2000000,2475000
337,Bill Hamid,DC,GK,24,24,2160,132,98,35,1.46,3/4,8,12,4,6,33.3,74.2,2017,reg,350000,395500
338,Matt Lampson,CLB,GK,24,24,2160,91,58,31,1.29,3/3,12,7,5,8,50.0,63.7,2017,reg,76000,81375
339,David Bingham,LA,GK,23,23,2070,94,58,35,1.52,2/2,9,9,5,7,39.1,61.7,2017,reg,190000,197750
340,Jake Gleeson,POR,GK,21,21,1818,83,52,30,1.43,3/3,8,6,6,3,38.1,62.7,2017,reg,110000,115166.67
341,Alec Kann,ATL,GK,18,18,1620,83,56,25,1.39,4/4,8,7,3,4,44.4,67.5,2017,reg,77004,77004
342,Clement Diop,MTL,GK,15,15,1331,89,54,31,2.07,1/1,4,8,3,2,26.7,60.7,2017,reg,65625,65625
344,Jeff Attinella,POR,GK,14,13,1242,64,45,20,1.54,0/1,7,5,2,4,50.0,70.3,2017,reg,100000,105083.33
345,Brad Guzan,ATL,GK,14,14,1260,47,38,10,0.71,1/1,6,1,7,8,42.9,80.9,2017,reg,340008,400008
346,Andrew Tarbell,CLB,GK,11,11,990,65,40,25,2.27,0/1,4,5,2,2,36.4,61.5,2017,reg,80000,94000
347,Zac MacMath,RSL,GK,9,9,810,40,27,12,1.33,2/2,2,5,2,1,22.2,67.5,2017,reg,150000,150000
348,Joe Willis,NSH,GK,8,8,720,31,17,14,1.75,1/1,3,4,1,2,37.5,54.8,2017,reg,106312.5,106312.5
349,Jorge Rodrigo Bava,CHI,GK,8,8,720,31,20,12,1.5,0/0,3,3,2,3,37.5,64.5,2017,reg,240000,267133.34
350,John McCarthy,MIA,GK,8,8,720,49,34,13,1.63,2/2,2,4,2,1,25.0,69.4,2017,reg,86500,95750
352,Matt Van Oekel,RSL,GK,7,6,572,47,25,22,3.67,1/1,0,5,1,1,0.0,53.2,2017,reg,96000,96000
353,Clint Irwin,COL,GK,6,6,490,18,13,5,0.83,0/1,1,1,3,2,16.7,72.2,2017,reg,200004,211316.7
354,Brad Knighton,NE,GK,6,6,540,31,20,11,1.83,1/1,3,1,2,1,50.0,64.5,2017,reg,100910.25,100910.25
355,Chris Seitz,DC,GK,5,5,450,20,12,8,1.6,2/3,3,2,0,0,60.0,60.0,2017,reg,153000,153000
356,Stefan Marinovic,VAN,GK,5,5,450,27,21,5,1.0,0/1,2,2,1,1,40.0,77.8,2017,reg,65000.04,77562.54
358,Travis Worra,DC,GK,5,5,450,26,11,14,2.8,0/0,0,5,0,0,0.0,42.3,2017,reg,65625,65625
359,Andrew Dykstra,KC ,GK,4,3,301,14,10,5,1.67,0/0,0,2,2,1,0.0,71.4,2017,reg,80004,87654.51
361,Maxime Crepeau,VAN,GK,3,3,270,19,10,8,2.67,1/2,0,3,0,0,0.0,52.6,2017,reg,75000,79083.33
362,Kyle Reynish,ATL,GK,2,2,150,5,2,3,1.5,0/0,1,0,0,0,50.0,40.0,2017,reg,65004,65004
364,Eirik Johansen,NYC,GK,2,2,180,7,3,4,2.0,0/0,1,1,0,0,50.0,42.9,2017,reg,65625,65625
365,Alexander Tambakis,ATL,GK,1,0,28,3,1,2,2.0,0/0,0,1,0,0,0.0,33.3,2017,reg,65004,65004
368,Spencer Richey,CIN,GK,1,1,90,3,1,2,2.0,0/0,0,1,0,0,0.0,33.3,2017,reg,65004,65004
369,Tyler Miller,MIN,GK,1,1,90,8,5,3,3.0,0/0,1,0,0,0,100.0,62.5,2017,reg,65633.4,65633.4
370,Matt Bersano,SJ,GK,0,0,0,0,0,0,0.0,0/0,0,0,0,0,0.0,0.0,2017,reg,65004,65004
371,John Berner,COL,GK,0,0,0,0,0,0,0.0,0/0,0,0,0,0,0.0,0.0,2017,reg,66150,66150
372,Calle Brown,HOU,GK,0,0,0,0,0,0,0.0,0/0,0,0,0,0,0.0,0.0,2017,reg,65000,65000
374,Adrian Zendejas,NSH,GK,0,0,0,0,0,0,0.0,0/0,0,0,0,0,0.0,0.0,2017,reg,53000,53000
375,Mason Stajduhar,ORL,GK,0,0,0,0,0,0,0.0,0/0,0,0,0,0,0.0,0.0,2017,reg,53000,53000
376,Connor Sparrow,CHI,GK,0,0,0,0,0,0,0.0,0/0,0,0,0,0,0.0,0.0,2017,reg,53004,53004
377,Andre Rawls,COL,GK,0,0,0,0,0,0,0.0,0/0,0,0,0,0,0.0,0.0,2017,reg,65633.4,65633.4
378,Matt Turner,NE,GK,0,0,0,0,0,0,0.0,0/0,0,0,0,0,0.0,0.0,2017,reg,54075,54075
379,Eduardo Cortes,DAL,GK,0,0,0,0,0,0,0.0,0/0,0,0,0,0,0.0,0.0,2017,reg,65004,65004
380,Evan Louro,NYR,GK,0,0,0,0,0,0,0.0,0/0,0,0,0,0,0.0,0.0,2017,reg,53004,53004
381,Eric Klenofsky,DC,GK,0,0,0,0,0,0,0.0,0/0,0,0,0,0,0.0,0.0,2017,reg,53004,56754
382,Stefan Cleveland,SEA,GK,0,0,0,0,0,0,0.0,0/0,0,0,0,0,0.0,0.0,2017,reg,53004,53004
383,Logan Ketterer,CLB,GK,0,0,0,0,0,0,0.0,0/0,0,0,0,0,0.0,0.0,2017,reg,53004,53004
384,Alex Kapp,MIN,GK,0,0,0,0,0,0,0.0,0/0,0,0,0,0,0.0,0.0,2017,reg,53004,53004
386,Brad Stuver,NYC,GK,0,0,0,0,0,0,0.0,0/0,0,0,0,0,0.0,0.0,2017,reg,80004,80004
388,Patrick McLain,MIN,GK,0,0,0,0,0,0,0.0,0/0,0,0,0,0,0.0,0.0,2017,reg,80000,80000
389,Mark Pais,TOR,GK,0,0,0,0,0,0,0.0,0/0,0,0,0,0,0.0,0.0,2017,reg,65004,65004
390,Kendall McIntosh,RBNY,GK,0,0,0,0,0,0,0.0,0/0,0,0,0,0,0.0,0.0,2017,reg,53000,53000
391,Josh Saunders,ORL,GK,0,0,0,0,0,0,0.0,0/0,0,0,0,0,0.0,0.0,2017,reg,150000,150000
392,Eric Kronberg,MTL,GK,0,0,0,0,0,0,0.0,0/0,0,0,0,0,0.0,0.0,2017,reg,99999.96,104999.96
393,Bryan Meredith,VAN,GK,0,0,0,0,0,0,0.0,0/0,0,0,0,0,0.0,0.0,2017,reg,66150,66150
394,Ryan Meara,RBNY,GK,0,0,0,0,0,0,0.0,0/0,0,0,0,0,0.0,0.0,2017,reg,100008,105008
396,Tim Melia,SKC,GK,34,34,3060,148,106,40,1.18,5/8,18,8,8,13,52.9,71.6,2018,reg,300000,316666.67
397,David Bingham,LA,GK,34,34,3060,186,121,64,1.88,6/8,13,12,9,8,38.2,65.1,2018,reg,275000.04,275000.04
398,Evan Bush,MTL,GK,34,34,3060,184,132,53,1.56,6/8,14,16,4,10,41.2,71.7,2018,reg,157925,157925
399,Tim Howard,COL,GK,33,33,2900,179,119,58,1.76,3/3,8,17,7,6,24.2,66.5,2018,reg,2000000,2475000
400,Brad Guzan,ATL,GK,33,33,2914,123,81,41,1.24,6/7,20,6,6,8,60.6,65.9,2018,reg,640008,700008
401,Nick Rimando,RSL,GK,33,33,2925,165,103,57,1.73,5/7,13,13,7,7,39.4,62.4,2018,reg,399999.96,422499.96
402,Stefan Frei,SEA,GK,33,33,2970,150,114,34,1.03,2/2,18,10,5,7,54.5,76.0,2018,reg,250000.08,262500.08
403,Andre Blake,PHI,GK,33,33,2970,170,118,50,1.52,8/8,14,14,5,10,42.4,69.4,2018,reg,450000,500000
404,Tyler Miller,MIN,GK,33,33,2970,169,114,50,1.52,5/7,16,8,9,10,48.5,67.5,2018,reg,68915.07,68915.07
405,Sean Johnson,NYC,GK,32,32,2880,141,100,41,1.28,1/3,15,10,7,10,46.9,70.9,2018,reg,250008,250008
406,Luis Robles,MIA,GK,31,31,2790,115,84,30,0.97,2/3,21,6,4,14,67.7,73.0,2018,reg,460000.08,460000.08
407,Andrew Tarbell,CLB,GK,29,29,2610,152,87,60,2.07,1/2,4,17,8,1,13.8,57.2,2018,reg,88000,102000
408,Zack Steffen,CLB,GK,29,29,2610,103,66,37,1.28,4/4,12,10,7,10,41.4,64.1,2018,reg,145000,145000
409,Alex Bono,TOR,GK,27,27,2430,137,90,45,1.67,5/6,9,12,6,3,33.3,65.7,2018,reg,132000,164000
410,Matt Turner,NE,GK,27,27,2430,126,83,42,1.56,3/4,8,10,9,5,29.6,65.9,2018,reg,67500,67500
411,Joe Willis,NSH,GK,26,26,2340,124,82,42,1.62,5/7,9,11,6,4,34.6,66.1,2018,reg,124999.92,132749.92
412,Richard Sanchez,SKC,GK,25,24,2207,128,79,47,1.96,4/4,6,13,6,3,24.0,61.7,2018,reg,130000.08,132500.08
413,Joe Bendik,PHI,GK,25,24,2218,142,84,58,2.42,5/6,6,17,2,1,24.0,59.2,2018,reg,180000,189083.4
414,Bobby Shuttleworth,CHI,GK,25,25,2250,155,103,51,2.04,4/4,9,13,3,2,36.0,66.5,2018,reg,165000,181875
415,Stefan Marinovic,VAN,GK,24,24,2160,112,65,45,1.88,7/9,10,10,4,2,41.7,58.0,2018,reg,150000,162562.5
416,Jeff Attinella,POR,GK,22,22,1944,85,64,23,1.05,1/1,10,5,5,7,45.5,75.3,2018,reg,114999.96,123999.96
417,Jesse Gonzalez,DAL,GK,21,21,1890,92,63,28,1.33,3/5,11,7,3,6,52.4,68.5,2018,reg,187500,211500
418,David Ousted,DC,GK,17,17,1530,81,48,32,1.88,1/2,4,7,6,0,23.5,59.3,2018,reg,350000.04,369166.71
419,Bill Hamid,DC,GK,14,14,1260,63,51,12,0.86,0/0,9,2,3,5,64.3,81.0,2018,reg,67500,93175
420,Jimmy Maurer,DAL,GK,13,13,1170,47,32,16,1.23,2/2,5,2,6,4,38.5,68.1,2018,reg,120000,122500
421,Steve Clark,POR,GK,11,9,846,61,44,17,1.89,0/0,5,4,2,3,45.5,72.1,2018,reg,120000,130000
423,Matt Lampson,CLB,GK,9,9,810,54,31,20,2.22,1/1,2,7,0,0,22.2,57.4,2018,reg,100000.08,107500.08
424,Brad Knighton,NE,GK,7,7,630,46,33,13,1.86,1/1,2,3,2,2,28.6,71.7,2018,reg,105955.56,110955.56
425,Clint Irwin,COL,GK,7,7,630,47,27,19,2.71,1/1,1,6,0,0,14.3,57.4,2018,reg,210000,221312.7
426,Chris Seitz,DC,GK,6,6,540,23,14,9,1.5,1/2,1,3,2,1,16.7,60.9,2018,reg,155004,155004
427,Jake Gleeson,POR,GK,6,6,540,29,15,14,2.33,1/1,1,3,2,0,16.7,51.7,2018,reg,120000,125166.67
429,Patrick McLain,CHI,GK,5,5,403,20,13,6,1.2,1/1,1,2,1,1,20.0,65.0,2018,reg,67500,67500
430,JT Marcinkowski,SJ,GK,5,5,450,32,20,11,2.2,1/1,0,4,1,1,0.0,62.5,2018,reg,120000,132000
431,Adam Grinwis,ORL,GK,5,5,450,20,14,6,1.2,0/1,1,3,1,1,20.0,70.0,2018,reg,67500,67500
433,Stefan Cleveland,SEA,GK,5,5,450,33,25,8,1.6,1/1,1,3,1,0,20.0,75.8,2018,reg,55654.2,55654.2
434,Ryan Meara,RBNY,GK,3,3,270,16,12,3,1.0,0/1,1,1,1,1,33.3,75.0,2018,reg,120000,125000
435,Andrew Putna,RSL,GK,2,1,135,7,6,1,1.0,0/0,1,0,0,0,50.0,85.7,2018,reg,67500,67500
436,Zac MacMath,RSL,GK,2,1,158,16,9,5,5.0,2/2,0,2,0,0,0.0,56.3,2018,reg,170000,170000
437,Tyler Deric,HOU,GK,2,2,180,14,7,7,3.5,1/1,0,2,0,0,0.0,50.0,2018,reg,67500,67500
438,Brad Stuver,NYC,GK,2,2,180,9,5,4,2.0,0/0,1,0,1,0,50.0,55.6,2018,reg,84999.96,84999.96
440,Alec Kann,ATL,GK,1,1,90,6,5,1,1.0,0/0,1,0,0,0,100.0,83.3,2018,reg,94008,94008
441,John McCarthy,MIA,GK,1,1,90,6,6,0,0.0,0/0,1,0,0,1,100.0,100.0,2018,reg,95000,104250
442,Luis Lopez,LFC,GK,1,1,90,5,3,2,2.0,1/1,0,1,0,0,0.0,60.0,2018,reg,70000.08,147500.08
443,Bryan Meredith,VAN,GK,1,1,90,6,3,3,3.0,0/0,0,1,0,0,0.0,50.0,2018,reg,67500,67500
444,Sean Melvin,VAN,GK,0,0,0,0,0,0,0.0,0/0,0,0,0,0,0.0,0.0,2018,reg,54500.04,54500.04
445,Quillan Roberts,LFC,GK,0,0,0,0,0,0,0.0,0/0,0,0,0,0,0.0,0.0,2018,reg,67500,67500
446,Brian Sylvestre,LA,GK,0,0,0,0,0,0,0.0,0/0,0,0,0,0,0.0,0.0,2018,reg,67500,67500
447,Cody Cropper,HOU,GK,0,0,0,0,0,0,0.0,0/0,0,0,0,0,0.0,0.0,2018,reg,73828.13,73828.13
448,Clement Diop,MTL,GK,0,0,0,0,0,0,0.0,0/0,0,0,0,0,0.0,0.0,2018,reg,90000,97290
449,Alex Horwath,RSL,GK,0,0,0,0,0,0,0.0,0/0,0,0,0,0,0.0,0.0,2018,reg,67500,73362.5
450,Andrew Dykstra,COL,GK,0,0,0,0,0,0,0.0,0/0,0,0,0,0,0.0,0.0,2018,reg,100008,107658.51
451,Caleb Patterson-Sewell,TOR,GK,0,0,0,0,0,0,0.0,0/0,0,0,0,0,0.0,0.0,2018,reg,67500,67500
452,Jake McGuire,PHI,GK,0,0,0,0,0,0,0.0,0/0,0,0,0,0,0.0,0.0,2018,reg,55654.2,55654.2
453,Matt Bersano,SJ,GK,0,0,0,0,0,0,0.0,0/0,0,0,0,0,0.0,0.0,2018,reg,68254.2,68254.2
454,Kendall McIntosh,RBNY,GK,0,0,0,0,0,0,0.0,0/0,0,0,0,0,0.0,0.0,2018,reg,55650,55650
455,Mitch Hildebrandt,ATL,GK,0,0,0,0,0,0,0.0,0/0,0,0,0,0,0.0,0.0,2018,reg,67500,67500
456,Kyle Zobeck,DAL,GK,0,0,0,0,0,0,0.0,0/0,0,0,0,0,0.0,0.0,2018,reg,67500,67500
458,Evan Louro,NY,GK,0,0,0,0,0,0,0.0,0/0,0,0,0,0,0.0,0.0,2018,reg,55654.2,55654.2
459,Justin Vom Steeg,LA,GK,0,0,0,0,0,0,0.0,0/0,0,0,0,0,0.0,0.0,2018,reg,54500.04,54500.04
460,James Pantemis,MTL,GK,0,0,0,0,0,0,0.0,0/0,0,0,0,0,0.0,0.0,2018,reg,54500.04,55000.04
461,Andre Rawls,COL,GK,0,0,0,0,0,0,0.0,0/0,0,0,0,0,0.0,0.0,2018,reg,68915.07,68915.07
462,Calle Brown,SEA,GK,0,0,0,0,0,0,0.0,0/0,0,0,0,0,0.0,0.0,2018,reg,67500,67500
463,Adrian Zendejas,NSH,GK,0,0,0,0,0,0,0.0,0/0,0,0,0,0,0.0,0.0,2018,reg,55650,55650
464,Mason Stajduhar,ORL,GK,0,0,0,0,0,0,0.0,0/0,0,0,0,0,0.0,0.0,2018,reg,67500,67500
465,Connor Sparrow,CHI,GK,0,0,0,0,0,0,0.0,0/0,0,0,0,0,0.0,0.0,2018,reg,54504,54504
466,Travis Worra,DC,GK,0,0,0,0,0,0,0.0,0/0,0,0,0,0,0.0,0.0,2018,reg,68906.25,68906.25
467,Charlie Lyon,LFC,GK,0,0,0,0,0,0,0.0,0/0,0,0,0,0,0.0,0.0,2018,reg,67500,67500
468,Jeff Caldwell,NE,GK,0,0,0,0,0,0,0.0,0/0,0,0,0,0,0.0,0.0,2018,reg,54500.04,54500.04
469,Michael Nelson,HOU,GK,0,0,0,0,0,0,0.0,0/0,0,0,0,0,0.0,0.0,2018,reg,54500.04,54500.04
470,Jason Beaulieu,MTL,GK,0,0,0,0,0,0,0.0,0/0,0,0,0,0,0.0,0.0,2018,reg,54500.04,54500.04
471,Logan Ketterer,CLB,GK,0,0,0,0,0,0,0.0,0/0,0,0,0,0,0.0,0.0,2018,reg,67500,67500
472,Alex Kapp,MIN,GK,0,0,0,0,0,0,0.0,0/0,0,0,0,0,0.0,0.0,2018,reg,55654.2,55654.2
473,Eric Dick,SKC,GK,0,0,0,0,0,0,0.0,0/0,0,0,0,0,0.0,0.0,2018,reg,54500.04,57949.58
474,Ben Lundgaard,CLB,GK,0,0,0,0,0,0,0.0,0/0,0,0,0,0,0.0,0.0,2018,reg,54500.04,54500.04
475,Vito Mannone,MIN,GK,34,34,3060,175,129,43,1.26,3/4,15,11,8,11,44.1,73.7,2019,reg,540000.0,594000.0
476,Brad Guzan,ATL,GK,34,34,3060,135,91,43,1.26,3/5,18,12,4,14,52.9,67.4,2019,reg,680004.0,740004.0
477,Daniel Vega,SJ,GK,34,34,3060,164,108,55,1.62,4/7,13,16,5,7,38.2,65.9,2019,reg,200000.04,210000.04
478,Stefan Frei,SEA,GK,34,34,3060,165,116,49,1.44,5/5,16,10,8,10,47.1,70.3,2019,reg,325000.08,337500.08
479,Bill Hamid,DC,GK,33,33,2970,168,126,37,1.12,1/5,12,10,11,14,36.4,75.0,2019,reg,461820.0,487495.0
480,Luis Robles,MIA,GK,33,33,2970,138,88,50,1.52,6/7,13,14,6,9,39.4,63.8,2019,reg,490000.08,490000.08
481,David Bingham,LA,GK,33,33,2970,195,141,55,1.67,6/8,16,14,3,8,48.5,72.3,2019,reg,375000.0,375000.0
482,Tim Melia,SKC,GK,32,32,2880,173,111,60,1.88,1/4,10,15,7,6,31.3,64.2,2019,reg,325008.0,341674.67
483,Evan Bush,MTL,GK,32,32,2880,144,84,59,1.84,6/7,11,17,4,7,34.4,58.3,2019,reg,232000.08,294666.75
485,Jesse Gonzalez,DAL,GK,32,32,2880,128,84,42,1.31,5/7,13,11,8,8,40.6,65.6,2019,reg,217500.0,231500.0
486,Sean Johnson,NYC,GK,29,29,2610,116,78,36,1.24,8/10,14,5,10,7,48.3,67.2,2019,reg,399999.96,399999.96
487,Nick Rimando,RSL,GK,29,29,2610,113,75,35,1.21,3/4,14,11,4,10,48.3,66.4,2019,reg,300000.0,322500.0
488,Quentin Westberg,TOR,GK,28,28,2505,115,75,41,1.46,7/10,9,9,9,4,32.1,65.2,2019,reg,100000.08,115254.08
489,Tyler Miller,MIN,GK,28,28,2520,103,72,28,1.0,2/2,18,2,8,9,64.3,69.9,2019,reg,77565.0,77565.0
490,Joe Willis,NSH,GK,27,27,2430,133,88,44,1.63,7/7,10,13,4,3,37.0,66.2,2019,reg,165000.0,172833.33
491,Andre Blake,PHI,GK,26,26,2304,103,59,41,1.58,3/4,11,10,5,3,42.3,57.3,2019,reg,500004.0,550004.0
492,Maxime Crepeau,VAN,GK,26,26,2340,159,114,46,1.77,7/7,7,13,6,5,26.9,71.7,2019,reg,90000.0,94083.33
493,Tim Howard,COL,GK,25,25,2159,117,73,46,1.84,5/6,8,12,4,5,32.0,62.4,2019,reg,2000000.04,2475000.04
494,Steve Clark,POR,GK,24,24,2160,109,84,25,1.04,3/4,13,6,5,6,54.2,77.1,2019,reg,140000.04,140000.04
495,Matt Turner,NE,GK,20,20,1766,116,87,27,1.35,1/1,8,4,7,5,40.0,75.0,2019,reg,75937.56,75937.56
496,Kenneth Kronholm,CHI,GK,20,20,1800,87,58,27,1.35,3/3,6,6,8,5,30.0,66.7,2019,reg,87996.0,150996.0
497,Spencer Richey,CIN,GK,19,19,1710,106,61,45,2.37,2/5,5,12,2,2,26.3,57.5,2019,reg,71666.88,71666.88
498,Przemyslaw Tyton,CIN,GK,15,15,1350,62,32,30,2.0,1/2,1,10,4,3,6.7,51.6,2019,reg,231750.0,328438.0
499,David Ousted,CHI,GK,14,14,1260,56,34,20,1.43,1/2,4,6,4,4,28.6,60.7,2019,reg,268181.88,361136.43
501,Eloy Room,CLB,GK,12,12,1080,47,33,14,1.17,2/2,5,2,5,1,41.7,70.2,2019,reg,300000.0,354694.33
502,Clint Irwin,COL,GK,11,9,901,58,42,17,1.89,2/3,4,4,2,1,36.4,72.4,2019,reg,126000.0,138707.24
503,Jeff Attinella,POR,GK,10,10,900,64,40,24,2.4,3/3,1,7,2,0,10.0,62.5,2019,reg,174999.96,187249.96
504,Brad Knighton,NE,GK,8,7,662,29,16,13,1.86,1/1,1,3,4,0,12.5,55.2,2019,reg,111253.32,116253.32
505,Zac MacMath,RSL,GK,8,8,720,52,37,13,1.63,1/1,1,3,4,0,12.5,71.2,2019,reg,189999.96,189999.96
506,Alex Bono,TOR,GK,7,6,555,28,16,11,1.83,3/3,4,1,2,1,57.1,57.1,2019,reg,350000.04,382000.04
507,Cody Cropper,HOU,GK,7,7,630,49,29,17,2.43,2/2,2,4,1,1,28.6,59.2,2019,reg,77519.52,77519.52
508,Tyler Deric,HOU,GK,7,7,630,36,19,15,2.14,0/0,2,5,0,0,28.6,52.8,2019,reg,159999.96,167499.96
509,Matt Freese,PHI,GK,6,5,437,23,13,7,1.4,2/2,1,1,2,0,16.7,56.5,2019,reg,70000.08,77650.08
510,Joe Bendik,PHI,GK,6,6,540,27,14,12,2.0,1/1,0,5,1,0,0.0,51.9,2019,reg,144000.0,144000.0
511,Pablo Sisniega,LAFC,GK,6,6,540,26,17,9,1.5,0/1,3,2,1,0,50.0,65.4,2019,reg,105000.0,105000.0
512,Andrew Putna,RSL,GK,5,5,450,19,12,6,1.2,0/1,2,2,1,2,40.0,63.2,2019,reg,70875.0,70875.0
513,Brad Stuver,NYC,GK,5,5,450,14,10,6,1.2,0/0,4,1,0,1,80.0,71.4,2019,reg,99999.96,99999.96
516,Jimmy Maurer,DAL,GK,2,2,180,12,8,4,2.0,0/1,0,1,1,0,0.0,66.7,2019,reg,125000.04,127500.04
517,Clement Diop,MTL,GK,2,2,180,7,6,1,0.5,0/0,1,0,1,1,50.0,85.7,2019,reg,94500.0,98190.0
519,Adrian Zendejas,NSH,GK,1,1,90,4,3,1,1.0,1/1,0,0,1,0,0.0,75.0,2019,reg,70250.04,70250.04
520,Eric Dick,SKC,GK,1,1,90,9,3,6,6.0,0/0,0,1,0,0,0.0,33.3,2019,reg,70250.04,73699.58
521,Matt Lampson,CLB,GK,1,1,90,7,3,4,4.0,0/0,0,1,0,0,0.0,42.9,2019,reg,70250.04,70250.04
522,Ryan Meara,RBNY,GK,1,1,90,5,4,1,1.0,0/0,1,0,0,0,100.0,80.0,2019,reg,132000.0,137000.0
523,Chris Seitz,DC,GK,1,1,90,3,2,1,1.0,1/1,1,0,0,0,100.0,66.7,2019,reg,165000.0,165000.0
524,Bobby Shuttleworth,CHI,GK,0,0,0,0,0,0,0.0,0/0,0,0,0,0,0.0,0.0,2019,reg,174999.96,191874.96
525,Caleb Patterson-Sewell,TOR,GK,0,0,0,0,0,0,0.0,0/0,0,0,0,0,0.0,0.0,2019,reg,70875.0,70875.0
526,Bryan Meredith,VAN,GK,0,0,0,0,0,0,0.0,0/0,0,0,0,0,0.0,0.0,2019,reg,70875.0,70875.0
528,Aljaz Ivacic,POR,GK,0,0,0,0,0,0,0.0,0/0,0,0,0,0,0.0,0.0,2019,reg,150000.0,160000.0
529,Sean Melvin,VAN,GK,0,0,0,0,0,0,0.0,0/0,0,0,0,0,0.0,0.0,2019,reg,70250.04,70250.04
530,Richard Sanchez,SKC,GK,0,0,0,0,0,0,0.0,0/0,0,0,0,0,0.0,0.0,2019,reg,150000.0,152500.0
531,Alex Horwath,RSL,GK,0,0,0,0,0,0,0.0,0/0,0,0,0,0,0.0,0.0,2019,reg,95000.04,100862.54
532,Ben Lundgaard,CLB,GK,0,0,0,0,0,0,0.0,0/0,0,0,0,0,0.0,0.0,2019,reg,57225.0,57225.0
533,Michael Nelson,HOU,GK,0,0,0,0,0,0,0.0,0/0,0,0,0,0,0.0,0.0,2019,reg,57225.0,57225.0
534,Jason Beaulieu,MTL,GK,0,0,0,0,0,0,0.0,0/0,0,0,0,0,0.0,0.0,2019,reg,70250.04,70250.04
536,Gabriel Slonina,CHI,GK,0,0,0,0,0,0,0.0,0/0,0,0,0,0,0.0,0.0,2019,reg,60000.0,74800.0
537,Jimmy Hague,CIN,GK,0,0,0,0,0,0,0.0,0/0,0,0,0,0,0.0,0.0,2019,reg,56250.0,56250.0
538,Stefan Cleveland,SEA,GK,0,0,0,0,0,0,0.0,0/0,0,0,0,0,0.0,0.0,2019,reg,70250.04,70250.04
539,Mason Stajduhar,ORL,GK,0,0,0,0,0,0,0.0,0/0,0,0,0,0,0.0,0.0,2019,reg,70875.0,70875.0
540,Andrew Tarbell,CLB,GK,0,0,0,0,0,0,0.0,0/0,0,0,0,0,0.0,0.0,2019,reg,200000.04,235000.04
541,Andre Rawls,COL,GK,0,0,0,0,0,0,0.0,0/0,0,0,0,0,0.0,0.0,2019,reg,72360.84,72360.84
542,Trey Muse,SEA,GK,0,0,0,0,0,0,0.0,0/0,0,0,0,0,0.0,0.0,2019,reg,56250.0,65000.0
543,James Pantemis,MTL,GK,0,0,0,0,0,0,0.0,0/0,0,0,0,0,0.0,0.0,2019,reg,70250.04,70250.04
544,Luis Barraza,NYC,GK,0,0,0,0,0,0,0.0,0/0,0,0,0,0,0.0,0.0,2019,reg,56250.0,56250.0
545,Evan Louro,NY,GK,0,0,0,0,0,0,0.0,0/0,0,0,0,0,0.0,0.0,2019,reg,70250.04,70250.04
546,Dayne St. Clair,MIN,GK,0,0,0,0,0,0,0.0,0/0,0,0,0,0,0.0,0.0,2019,reg,70250.04,74753.17
547,Justin Vom Steeg,LA,GK,0,0,0,0,0,0,0.0,0/0,0,0,0,0,0.0,0.0,2019,reg,57225.0,57225.0
548,Kyle Zobeck,DAL,GK,0,0,0,0,0,0,0.0,0/0,0,0,0,0,0.0,0.0,2019,reg,70875.0,70875.0
549,Alec Kann,ATL,GK,0,0,0,0,0,0,0.0,0/0,0,0,0,0,0.0,0.0,2019,reg,100008.0,100008.0
550,Kendall McIntosh,RBNY,GK,0,0,0,0,0,0,0.0,0/0,0,0,0,0,0.0,0.0,2019,reg,70250.04,70250.04
551,Matt Bersano,SJ,GK,0,0,0,0,0,0,0.0,0/0,0,0,0,0,0.0,0.0,2019,reg,71666.88,71666.88
552,Brendan Moore,ATL,GK,0,0,0,0,0,0,0.0,0/0,0,0,0,0,0.0,0.0,2019,reg,70250.04,70250.04
553,Jeff Caldwell,NE,GK,0,0,0,0,0,0,0.0,0/0,0,0,0,0,0.0,0.0,2019,reg,57225.0,57225.0
554,Adam Grinwis,ORL,GK,0,0,0,0,0,0,0.0,0/0,0,0,0,0,0.0,0.0,2019,reg,70875.0,70875.0
555,Thomas Hasal,VAN,GK,0,0,0,0,0,0,0.0,0/0,0,0,0,0,0.0,0.0,2019,reg,56250.0,66250.0
556,David Ochoa,RSL,GK,0,0,0,0,0,0,0.0,0/0,0,0,0,0,0.0,0.0,2019,reg,70250.04,70250.04
557,Brad Guzan,ATL,GK,23,23,2070,91,59,30,1.3,0/0,6,13,4,6,26.1,64.8,2020,reg,730008.0,790008
558,Sean Johnson,NYC,GK,23,23,2070,107,81,25,1.09,3/4,12,8,3,7,52.2,75.7,2020,reg,465000,465000
559,Joe Willis,NSH,GK,23,23,2070,92,69,22,0.96,0/0,8,7,8,9,34.8,75.0,2020,reg,180000,187833
560,Marko Maric,HOU,GK,23,23,2070,122,79,40,1.74,3/3,4,10,9,3,17.4,64.8,2020,reg,450000,498250
561,Matt Turner,NE,GK,22,22,1980,90,68,24,1.09,1/1,8,7,7,6,36.4,75.6,2020,reg,200000,200000
562,Stefan Frei,SEA,GK,22,22,1980,83,60,23,1.05,2/2,11,5,6,6,50.0,72.3,2020,reg,500000,512500
563,Andre Blake,PHI,GK,21,21,1889,81,63,18,0.86,1/2,13,3,5,8,61.9,77.8,2020,reg,550008,600008
564,Tim Melia,SKC,GK,20,20,1784,77,56,21,1.05,0/2,11,5,3,7,55.0,72.7,2020,reg,350000,354167
565,Quentin Westberg,TOR,GK,20,20,1800,75,48,26,1.3,2/2,11,5,4,6,55.0,64.0,2020,reg,240000,253333
566,Clement Diop,MTL,GK,20,20,1800,110,73,36,1.8,2/3,7,11,2,3,35.0,66.4,2020,reg,120000,148500
567,Steve Clark,POR,GK,20,20,1800,94,64,29,1.45,1/2,10,4,6,5,50.0,68.1,2020,reg,250000,250000
568,Pedro Gallese,ORL,GK,19,19,1710,71,52,20,1.05,1/2,11,3,5,3,57.9,73.2,2020,reg,380000,380000
569,David Bingham,LA,GK,18,18,1620,87,52,35,1.94,3/5,5,9,4,3,27.8,59.8,2020,reg,450000,450000
570,Eloy Room,CLB,GK,17,17,1511,57,41,15,0.88,4/4,9,3,5,7,52.9,71.9,2020,reg,350004,404698
571,Bobby Shuttleworth,CHI,GK,17,17,1530,81,53,28,1.65,1/2,4,6,7,4,23.5,65.4,2020,reg,105000,115750
572,Bill Hamid,DC,GK,17,17,1530,88,55,32,1.88,2/3,3,10,4,2,17.6,62.5,2020,reg,500000.0,500000
573,Jimmy Maurer,DAL,GK,16,16,1392,68,54,13,0.81,2/2,6,4,5,7,37.5,79.4,2020,reg,137500,140000
574,Luis Robles,MIA,GK,15,15,1350,58,34,25,1.67,2/4,3,10,2,2,20.0,58.6,2020,reg,375000,395000
575,Andrew Putna,RSL,GK,15,15,1350,62,38,26,1.73,1/1,4,7,4,4,26.7,61.3,2020,reg,81375,81375
576,William Yarbrough,COL,GK,14,14,1260,69,48,20,1.43,2/2,6,4,4,4,42.9,69.6,2020,reg,120000,120000
577,Pablo Sisniega,LAFC,GK,14,14,1260,58,35,23,1.64,4/4,7,5,2,2,50.0,60.3,2020,reg,105000,105000
578,Ryan Meara,RBNY,GK,13,13,1142,55,39,16,1.23,3/3,5,4,4,3,38.5,70.9,2020,reg,237000,237000
579,Dayne St. Clair,MIN,GK,13,13,1170,63,48,12,0.92,0/2,6,2,5,6,46.2,76.2,2020,reg,81375,85895
580,Przemyslaw Tyton,CIN,GK,12,12,1071,48,30,18,1.5,1/1,2,7,3,5,16.7,62.5,2020,reg,272950,369638
581,Daniel Vega,SJ,GK,12,12,1080,79,42,37,3.08,3/4,2,6,4,3,16.7,53.2,2020,reg,248000,253000
582,David Jensen,RBNY,GK,11,10,928,41,25,15,1.5,0/0,4,5,1,1,36.4,61.0,2020,reg,324996,364631
583,JT Marcinkowski,SJ,GK,11,11,990,39,25,14,1.27,0/0,6,3,2,4,54.5,64.1,2020,reg,150000,162000
584,Spencer Richey,CIN,GK,10,9,819,34,19,15,1.67,1/1,1,7,1,2,10.0,55.9,2020,reg,81375,81375
585,Thomas Hasal,VAN,GK,9,8,752,50,35,14,1.75,1/1,4,4,0,1,44.4,70.0,2020,reg,63547.0,63547
586,John McCarthy,MIA,GK,8,8,720,31,19,10,1.25,2/2,4,3,1,1,50.0,61.3,2020,reg,105000,111583
587,Kenneth Vermeer,LAFC,GK,8,8,720,36,19,16,2.0,0/1,2,3,3,1,25.0,52.8,2020,reg,500000,506000
588,Evan Bush,VAN,GK,8,8,720,32,22,10,1.25,1/1,4,4,0,1,50.0,68.8,2020,reg,349000,411667
589,Andrew Tarbell,CLB,GK,7,6,559,24,17,6,1.0,2/2,3,3,0,2,42.9,70.8,2020,reg,190000,225000
590,Zac MacMath,RSL,GK,6,6,540,21,14,7,1.17,0/0,1,2,3,3,16.7,66.7,2020,reg,200000,200000
591,Chris Seitz,DC,GK,6,6,540,32,22,9,1.5,0/0,2,2,2,2,33.3,68.8,2020,reg,150000,150000
592,Kenneth Kronholm,CHI,GK,5,5,450,17,7,8,1.6,0/0,1,3,1,0,20.0,41.2,2020,reg,433200,496200
593,Tyler Miller,MIN,GK,5,5,450,19,13,6,1.2,2/2,3,0,2,1,60.0,68.4,2020,reg,375000,395938
594,Kyle Zobeck,DAL,GK,4,3,318,18,11,6,2.0,1/1,2,1,1,0,50.0,61.1,2020,reg,81375,81375
595,Maxime Crepeau,VAN,GK,4,4,328,22,12,10,2.5,1/1,1,3,0,1,25.0,54.5,2020,reg,225000,252500
597,Clint Irwin,COL,GK,4,4,360,22,14,8,2.0,0/1,2,2,0,0,50.0,63.6,2020,reg,168000,180707
598,Jonathan Klinsmann,LA,GK,4,4,360,30,17,11,2.75,1/1,1,3,0,1,25.0,56.7,2020,reg,81375,81375
599,Bryan Meredith,VAN,GK,3,3,270,27,20,10,3.33,0/0,0,3,0,0,0.0,74.1,2020,reg,81375,81375
600,Alex Bono,TOR,GK,3,3,270,16,16,0,0.0,0/1,2,0,1,3,66.7,100.0,2020,reg,400000,432000
602,James Pantemis,MTL,GK,3,3,270,24,17,7,2.33,0/0,1,2,0,0,33.3,70.8,2020,reg,81375,81375
603,Joe Bendik,PHI,GK,2,1,91,3,1,2,2.0,0/0,0,1,0,0,0.0,33.3,2020,reg,200000,200000
604,Richard Sanchez,SKC,GK,2,1,104,5,2,4,4.0,0/0,1,1,0,0,50.0,40.0,2020,reg,175000,177500
606,Aljaz Ivacic,POR,GK,2,2,180,8,5,3,1.5,0/0,1,1,0,0,50.0,62.5,2020,reg,165000,175000
607,Bobby Edwards,CIN,GK,2,2,180,6,3,3,1.5,1/1,1,1,0,0,50.0,50.0,2020,reg,81375,81375
608,Matt Freese,PHI,GK,1,1,90,1,1,0,0.0,0/0,1,0,0,1,100.0,100.0,2020,reg,75000,82650
609,David Ochoa,RSL,GK,1,1,90,6,4,2,2.0,0/0,0,1,0,0,0.0,66.7,2020,reg,73763,73763
610,Phelipe Megiolaro,DAL,GK,1,1,90,9,6,3,3.0,0/0,0,1,0,0,0.0,66.7,2020,reg,100000,119000
611,Connor Sparrow,CHI,GK,1,1,90,7,4,3,3.0,0/0,0,1,0,0,0.0,57.1,2020,reg,81375,81375
612,Brad Knighton,NE,GK,1,1,90,6,5,1,1.0,0/0,0,0,1,0,0.0,83.3,2020,reg,130000,136750
613,Jeff Attinella,POR,GK,1,1,90,7,4,3,3.0,0/0,0,1,0,0,0.0,57.1,2020,reg,175000,187250
614,Jon Kempin,CLB,GK,0,0,0,0,0,0,0.0,0/0,0,0,0,0,0.0,0.0,2020,reg,81375,81375
615,Cody Cropper,HOU,GK,0,0,0,0,0,0,0.0,0/0,0,0,0,0,0.0,0.0,2020,reg,81375,87542
616,Ben Lundt,CIN,GK,0,0,0,0,0,0,0.0,0/0,0,0,0,0,0.0,0.0,2020,reg,81375,84784
618,Matt Lampson,CLB,GK,0,0,0,0,0,0,0.0,0/0,0,0,0,0,0.0,0.0,2020,reg,81375,81375
620,Trey Muse,SEA,GK,0,0,0,0,0,0,0.0,0/0,0,0,0,0,0.0,0.0,2020,reg,73763,82513
621,Luis Barraza,NYC,GK,0,0,0,0,0,0,0.0,0/0,0,0,0,0,0.0,0.0,2020,reg,63547,63547
622,Justin Vom Steeg,LA,GK,0,0,0,0,0,0,0.0,0/0,0,0,0,0,0.0,0.0,2020,reg,81375,81375
623,Adrian Zendejas,MIN,GK,0,0,0,0,0,0,0.0,0/0,0,0,0,0,0.0,0.0,2020,reg,81375,81375
624,Eric Lopez,LA,GK,0,0,0,0,0,0,0.0,0/0,0,0,0,0,0.0,0.0,2020,reg,81375,81375
625,Mason Stajduhar,ORL,GK,0,0,0,0,0,0,0.0,0/0,0,0,0,0,0.0,0.0,2020,reg,81375,81375
626,Brady Scott,NSH,GK,0,0,0,0,0,0,0.0,0/0,0,0,0,0,0.0,0.0,2020,reg,81375,87611
627,Andre Rawls,COL,GK,0,0,0,0,0,0,0.0,0/0,0,0,0,0,0.0,0.0,2020,reg,81375,87375
628,Kevin Silva,TOR,GK,0,0,0,0,0,0,0.0,0/0,0,0,0,0,0.0,0.0,2020,reg,63547,63547
629,Brad Stuver,NYC,GK,0,0,0,0,0,0,0.0,0/0,0,0,0,0,0.0,0.0,2020,reg,125000,125000
630,Alec Kann,ATL,GK,0,0,0,0,0,0,0.0,0/0,0,0,0,0,0.0,0.0,2020,reg,110000,110000
631,Brendan Moore,ATL,GK,0,0,0,0,0,0,0.0,0/0,0,0,0,0,0.0,0.0,2020,reg,81375,81375
632,Jeff Caldwell,NE,GK,0,0,0,0,0,0,0.0,0/0,0,0,0,0,0.0,0.0,2020,reg,81375,81375
633,Matt Bersano,SJ,GK,0,0,0,0,0,0,0.0,0/0,0,0,0,0,0.0,0.0,2020,reg,81375,81375
634,Kendall McIntosh,RBNY,GK,0,0,0,0,0,0,0.0,0/0,0,0,0,0,0.0,0.0,2020,reg,81375,81375
635,John Pulskamp,SKC,GK,0,0,0,0,0,0,0.0,0/0,0,0,0,0,0.0,0.0,2020,reg,63547,66047
636,Jonathan Sirois,MTL,GK,0,0,0,0,0,0,0.0,0/0,0,0,0,0,0.0,0.0,2020,reg,63547,68230
637,Abraham Rodriguez,COL,GK,0,0,0,0,0,0,0.0,0/0,0,0,0,0,0.0,0.0,2020,reg,63547,63547
638,Michael Nelson,HOU,GK,0,0,0,0,0,0,0.0,0/0,0,0,0,0,0.0,0.0,2020,reg,81375,81375
641,Beckham Sunderland,CIN,GK,0,0,0,0,0,0,0.0,0/0,0,0,0,0,0.0,0.0,2020,reg,63547,67610
642,Isaac Boehmer,VAN,GK,0,0,0,0,0,0,0.0,0/0,0,0,0,0,0.0,0.0,2020,reg,63547,63547
643,Gabriel Slonina,CHI,GK,0,0,0,0,0,0,0.0,0/0,0,0,0,0,0.0,0.0,2020,reg,75000,79800
644,Fred Emmings,MIN,GK,0,0,0,0,0,0,0.0,0/0,0,0,0,0,0.0,0.0,2020,reg,63547,69547
645,Emmanuel Ochoa,SJ,GK,0,0,0,0,0,0,0.0,0/0,0,0,0,0,0.0,0.0,2020,reg,63547,73759
646,Drake Callender,MIA,GK,0,0,0,0,0,0,0.0,0/0,0,0,0,0,0.0,0.0,2020,reg,100000,100000
647,Elliot Panicco,NSH,GK,0,0,0,0,0,0,0.0,0/0,0,0,0,0,0.0,0.0,2020,reg,63547,63547
648,Eric Dick,SKC,GK,0,0,0,0,0,0,0.0,0/0,0,0,0,0,0.0,0.0,2020,reg,81375,85020
649,Stefan Cleveland,SEA,GK,0,0,0,0,0,0,0.0,0/0,0,0,0,0,0.0,0.0,2020,reg,81375,81375
